{
  "hash": "9337bd9a",
  "configHash": "fd443339",
  "lockfileHash": "dd4592f1",
  "browserHash": "5897eca6",
  "optimized": {
    "@angular/core": {
      "src": "../../../../../../node_modules/@angular/core/fesm2022/core.mjs",
      "file": "@angular_core.js",
      "fileHash": "424cb077",
      "needsInterop": false
    },
    "@angular/platform-browser": {
      "src": "../../../../../../node_modules/@angular/platform-browser/fesm2022/platform-browser.mjs",
      "file": "@angular_platform-browser.js",
      "fileHash": "4ea3d7e5",
      "needsInterop": false
    },
    "@angular/router": {
      "src": "../../../../../../node_modules/@angular/router/fesm2022/router.mjs",
      "file": "@angular_router.js",
      "fileHash": "16a1978b",
      "needsInterop": false
    },
    "zone.js": {
      "src": "../../../../../../node_modules/zone.js/fesm2015/zone.js",
      "file": "zone__js.js",
      "fileHash": "170b7184",
      "needsInterop": true
    }
  },
  "chunks": {
    "chunk-3TG5GA2D": {
      "file": "chunk-3TG5GA2D.js"
    },
    "chunk-AEMIX5HZ": {
      "file": "chunk-AEMIX5HZ.js"
    },
    "chunk-WDMUDEB6": {
      "file": "chunk-WDMUDEB6.js"
    }
  }
}